{
   "image" : {
      "cpt" : 8.3636617660522461
   },
   "variables" : {
      "axis1" : 2.9124655723571777,
      "axis2" : 3.5913493633270264,
      "cmult" : 11.651731491088867,
      "nmult" : 9.9914016723632812,
      "ptD" : 0.36780434846878052
   }
}
