{
   "image" : {
      "cpt" : 8.3695354461669922
   },
   "variables" : {
      "axis1" : 2.9520347118377686,
      "axis2" : 3.6350460052490234,
      "cmult" : 10.769789695739746,
      "nmult" : 9.3609189987182617,
      "ptD" : 0.38107776641845703
   }
}
